净值日期,单位净值,累计净值,日增长率,申购状态,赎回状态,分红送配
2016-05-17,1.154,1.154,0.0,开放申购,开放赎回,nan
2016-05-18,1.154,1.154,0.0,开放申购,开放赎回,nan
2016-05-19,1.154,1.154,0.0,开放申购,开放赎回,nan
2016-05-20,1.153,1.153,-0.09,开放申购,开放赎回,nan
2016-05-23,1.153,1.153,0.0,开放申购,开放赎回,nan
2016-05-24,1.154,1.154,0.09,开放申购,开放赎回,nan
2016-05-25,1.155,1.155,0.09,开放申购,开放赎回,nan
2016-05-26,1.154,1.154,-0.09,开放申购,开放赎回,nan
2016-05-27,1.155,1.155,0.09,开放申购,开放赎回,nan
2016-05-30,1.157,1.157,0.17,开放申购,开放赎回,nan
2016-05-31,1.156,1.156,-0.09,开放申购,开放赎回,nan
2016-06-01,1.156,1.156,0.0,开放申购,开放赎回,nan
2016-06-02,1.155,1.155,-0.09,开放申购,开放赎回,nan
2016-06-03,1.155,1.155,0.0,开放申购,开放赎回,nan
2016-06-06,1.156,1.156,0.09,开放申购,开放赎回,nan
2016-06-07,1.156,1.156,0.0,开放申购,开放赎回,nan
2016-06-08,1.157,1.157,0.09,开放申购,开放赎回,nan
2016-06-13,1.158,1.158,0.09,开放申购,开放赎回,nan
2016-06-14,1.158,1.158,0.0,开放申购,开放赎回,nan
2016-06-15,1.159,1.159,0.09,开放申购,开放赎回,nan
2016-06-16,1.159,1.159,0.0,开放申购,开放赎回,nan
2016-06-17,1.16,1.16,0.09,开放申购,开放赎回,nan
2016-06-20,1.161,1.161,0.09,开放申购,开放赎回,nan
2016-06-21,1.161,1.161,0.0,开放申购,开放赎回,nan
2016-06-22,1.161,1.161,0.0,开放申购,开放赎回,nan
2016-06-23,1.161,1.161,0.0,开放申购,开放赎回,nan
2016-06-24,1.162,1.162,0.09,开放申购,开放赎回,nan
2016-06-27,1.163,1.163,0.09,开放申购,开放赎回,nan
2016-06-28,1.164,1.164,0.09,开放申购,开放赎回,nan
2016-06-29,1.164,1.164,0.0,开放申购,开放赎回,nan
2016-06-30,1.165,1.165,0.09,开放申购,开放赎回,nan
2016-07-01,1.166,1.166,0.09,开放申购,开放赎回,nan
2016-07-04,1.167,1.167,0.09,开放申购,开放赎回,nan
2016-07-05,1.167,1.167,0.0,开放申购,开放赎回,nan
2016-07-06,1.167,1.167,0.0,开放申购,开放赎回,nan
2016-07-07,1.168,1.168,0.09,开放申购,开放赎回,nan
2016-07-08,1.169,1.169,0.09,开放申购,开放赎回,nan
2016-07-11,1.169,1.169,0.0,开放申购,开放赎回,nan
2016-07-12,1.169,1.169,0.0,开放申购,开放赎回,nan
2016-07-13,1.169,1.169,0.0,开放申购,开放赎回,nan
2016-07-14,1.169,1.169,0.0,开放申购,开放赎回,nan
2016-07-15,1.17,1.17,0.09,开放申购,开放赎回,nan
2016-07-18,1.17,1.17,0.0,开放申购,开放赎回,nan
2016-07-19,1.171,1.171,0.09,开放申购,开放赎回,nan
2016-07-20,1.171,1.171,0.0,开放申购,开放赎回,nan
2016-07-21,1.172,1.172,0.09,开放申购,开放赎回,nan
2016-07-22,1.172,1.172,0.0,开放申购,开放赎回,nan
2016-07-25,1.172,1.172,0.0,开放申购,开放赎回,nan
2016-07-26,1.173,1.173,0.09,开放申购,开放赎回,nan
2016-07-27,1.173,1.173,0.0,开放申购,开放赎回,nan
2016-07-28,1.173,1.173,0.0,开放申购,开放赎回,nan
2016-07-29,1.174,1.174,0.09,开放申购,开放赎回,nan
2016-08-01,1.175,1.175,0.09,开放申购,开放赎回,nan
2016-08-02,1.175,1.175,0.0,开放申购,开放赎回,nan
2016-08-03,1.176,1.176,0.09,开放申购,开放赎回,nan
2016-08-04,1.176,1.176,0.0,开放申购,开放赎回,nan
2016-08-05,1.177,1.177,0.09,开放申购,开放赎回,nan
2016-08-08,1.178,1.178,0.09,开放申购,开放赎回,nan
2016-08-09,1.179,1.179,0.08,开放申购,开放赎回,nan
2016-08-10,1.18,1.18,0.08,开放申购,开放赎回,nan
2016-08-11,1.18,1.18,0.0,开放申购,开放赎回,nan
2016-08-12,1.181,1.181,0.08,开放申购,开放赎回,nan
2016-08-15,1.184,1.184,0.25,开放申购,开放赎回,nan
2016-08-16,1.183,1.183,-0.08,开放申购,开放赎回,nan
2016-08-17,1.183,1.183,0.0,开放申购,开放赎回,nan
2016-08-18,1.183,1.183,0.0,开放申购,开放赎回,nan
2016-08-19,1.183,1.183,0.0,开放申购,开放赎回,nan
2016-08-22,1.183,1.183,0.0,开放申购,开放赎回,nan
2016-08-23,1.182,1.182,-0.08,开放申购,开放赎回,nan
2016-08-24,1.181,1.181,-0.08,开放申购,开放赎回,nan
2016-08-25,1.181,1.181,0.0,开放申购,开放赎回,nan
2016-08-26,1.181,1.181,0.0,开放申购,开放赎回,nan
2016-08-29,1.182,1.182,0.08,开放申购,开放赎回,nan
2016-08-30,1.181,1.181,-0.08,开放申购,开放赎回,nan
2016-08-31,1.182,1.182,0.08,开放申购,开放赎回,nan
2016-09-01,1.182,1.182,0.0,开放申购,开放赎回,nan
2016-09-02,1.182,1.182,0.0,开放申购,开放赎回,nan
2016-09-05,1.183,1.183,0.08,开放申购,开放赎回,nan
2016-09-06,1.183,1.183,0.0,开放申购,开放赎回,nan
2016-09-07,1.183,1.183,0.0,开放申购,开放赎回,nan
2016-09-08,1.183,1.183,0.0,开放申购,开放赎回,nan
2016-09-09,1.183,1.183,0.0,开放申购,开放赎回,nan
2016-09-12,1.182,1.182,-0.08,开放申购,开放赎回,nan
2016-09-13,1.182,1.182,0.0,开放申购,开放赎回,nan
2016-09-14,1.182,1.182,0.0,开放申购,开放赎回,nan
2016-09-19,1.182,1.182,0.0,开放申购,开放赎回,nan
2016-09-20,1.182,1.182,0.0,开放申购,开放赎回,nan
2016-09-21,1.182,1.182,0.0,开放申购,开放赎回,nan
2016-09-22,1.183,1.183,0.08,开放申购,开放赎回,nan
2016-09-23,1.183,1.183,0.0,开放申购,开放赎回,nan
2016-09-26,1.183,1.183,0.0,开放申购,开放赎回,nan
2016-09-27,1.184,1.184,0.08,开放申购,开放赎回,nan
2016-09-28,1.184,1.184,0.0,开放申购,开放赎回,nan
2016-09-29,1.184,1.184,0.0,开放申购,开放赎回,nan
2016-09-30,1.185,1.185,0.08,开放申购,开放赎回,nan
2016-10-10,1.186,1.186,0.08,开放申购,开放赎回,nan
2016-10-11,1.187,1.187,0.08,开放申购,开放赎回,nan
2016-10-12,1.187,1.187,0.0,开放申购,开放赎回,nan
2016-10-13,1.188,1.188,0.08,开放申购,开放赎回,nan
2016-10-14,1.188,1.188,0.0,开放申购,开放赎回,nan
2016-10-17,1.188,1.188,0.0,开放申购,开放赎回,nan
2016-10-18,1.189,1.189,0.08,开放申购,开放赎回,nan
2016-10-19,1.189,1.189,0.0,开放申购,开放赎回,nan
2016-10-20,1.19,1.19,0.08,开放申购,开放赎回,nan
2016-10-21,1.19,1.19,0.0,开放申购,开放赎回,nan
2016-10-24,1.191,1.191,0.08,开放申购,开放赎回,nan
2016-10-25,1.191,1.191,0.0,开放申购,开放赎回,nan
2016-10-26,1.19,1.19,-0.08,开放申购,开放赎回,nan
2016-10-27,1.189,1.189,-0.08,开放申购,开放赎回,nan
2016-10-28,1.189,1.189,0.0,开放申购,开放赎回,nan
2016-10-31,1.189,1.189,0.0,开放申购,开放赎回,nan
2016-11-01,1.189,1.189,0.0,开放申购,开放赎回,nan
2016-11-02,1.189,1.189,0.0,开放申购,开放赎回,nan
2016-11-03,1.189,1.189,0.0,开放申购,开放赎回,nan
2016-11-04,1.19,1.19,0.08,开放申购,开放赎回,nan
2016-11-07,1.19,1.19,0.0,开放申购,开放赎回,nan
2016-11-08,1.19,1.19,0.0,开放申购,开放赎回,nan
2016-11-09,1.19,1.19,0.0,开放申购,开放赎回,nan
2016-11-10,1.19,1.19,0.0,开放申购,开放赎回,nan
2016-11-11,1.19,1.19,0.0,开放申购,开放赎回,nan
2016-11-14,1.19,1.19,0.0,开放申购,开放赎回,nan
2016-11-15,1.189,1.189,-0.08,开放申购,开放赎回,nan
2016-11-16,1.188,1.188,-0.08,开放申购,开放赎回,nan
2016-11-17,1.188,1.188,0.0,开放申购,开放赎回,nan
2016-11-18,1.187,1.187,-0.08,开放申购,开放赎回,nan
2016-11-21,1.187,1.187,0.0,开放申购,开放赎回,nan
2016-11-22,1.188,1.188,0.08,开放申购,开放赎回,nan
2016-11-23,1.188,1.188,0.0,开放申购,开放赎回,nan
2016-11-24,1.188,1.188,0.0,开放申购,开放赎回,nan
2016-11-25,1.188,1.188,0.0,开放申购,开放赎回,nan
2016-11-28,1.188,1.188,0.0,开放申购,开放赎回,nan
2016-11-29,1.186,1.186,-0.17,开放申购,开放赎回,nan
2016-11-30,1.183,1.183,-0.25,开放申购,开放赎回,nan
2016-12-01,1.181,1.181,-0.17,开放申购,开放赎回,nan
2016-12-02,1.179,1.179,-0.17,开放申购,开放赎回,nan
2016-12-05,1.176,1.176,-0.25,开放申购,开放赎回,nan
2016-12-06,1.173,1.173,-0.26,开放申购,开放赎回,nan
2016-12-07,1.173,1.173,0.0,开放申购,开放赎回,nan
2016-12-08,1.174,1.174,0.09,开放申购,开放赎回,nan
2016-12-09,1.174,1.174,0.0,开放申购,开放赎回,nan
2016-12-12,1.169,1.169,-0.43,开放申购,开放赎回,nan
2016-12-13,1.165,1.165,-0.34,开放申购,开放赎回,nan
2016-12-14,1.162,1.162,-0.26,开放申购,开放赎回,nan
2016-12-15,1.153,1.153,-0.77,开放申购,开放赎回,nan
2016-12-16,1.154,1.154,0.09,开放申购,开放赎回,nan
2016-12-19,1.151,1.151,-0.26,开放申购,开放赎回,nan
2016-12-20,1.147,1.147,-0.35,开放申购,开放赎回,nan
2016-12-21,1.149,1.149,0.17,开放申购,开放赎回,nan
2016-12-22,1.152,1.152,0.26,开放申购,开放赎回,nan
2016-12-23,1.154,1.154,0.17,开放申购,开放赎回,nan
2016-12-26,1.155,1.155,0.09,开放申购,开放赎回,nan
2016-12-27,1.156,1.156,0.09,开放申购,开放赎回,nan
2016-12-28,1.156,1.156,0.0,开放申购,开放赎回,nan
2016-12-29,1.157,1.157,0.09,开放申购,开放赎回,nan
2016-12-30,1.16,1.16,0.26,开放申购,开放赎回,nan
2016-12-31,1.16,1.16,0.0,开放申购,开放赎回,nan
2017-01-03,1.161,1.161,0.09,开放申购,开放赎回,nan
2017-01-04,1.162,1.162,0.09,开放申购,开放赎回,nan
2017-01-05,1.162,1.162,0.0,开放申购,开放赎回,nan
2017-01-06,1.162,1.162,0.0,开放申购,开放赎回,nan
2017-01-09,1.163,1.163,0.09,开放申购,开放赎回,nan
2017-01-10,1.164,1.164,0.09,开放申购,开放赎回,nan
2017-01-11,1.164,1.164,0.0,开放申购,开放赎回,nan
2017-01-12,1.163,1.163,-0.09,开放申购,开放赎回,nan
2017-01-13,1.163,1.163,0.0,开放申购,开放赎回,nan
2017-01-16,1.162,1.162,-0.09,开放申购,开放赎回,nan
2017-01-17,1.161,1.161,-0.09,开放申购,开放赎回,nan
2017-01-18,1.16,1.16,-0.09,开放申购,开放赎回,nan
2017-01-19,1.159,1.159,-0.09,开放申购,开放赎回,nan
2017-01-20,1.16,1.16,0.09,开放申购,开放赎回,nan
2017-01-23,1.16,1.16,0.0,开放申购,开放赎回,nan
2017-01-24,1.16,1.16,0.0,开放申购,开放赎回,nan
2017-01-25,1.159,1.159,-0.09,开放申购,开放赎回,nan
2017-01-26,1.159,1.159,0.0,开放申购,开放赎回,nan
2017-02-03,1.157,1.157,-0.17,开放申购,开放赎回,nan
2017-02-06,1.155,1.155,-0.17,开放申购,开放赎回,nan
2017-02-07,1.153,1.153,-0.17,开放申购,开放赎回,nan
2017-02-08,1.152,1.152,-0.09,开放申购,开放赎回,nan
2017-02-09,1.153,1.153,0.09,开放申购,开放赎回,nan
2017-02-10,1.153,1.153,0.0,开放申购,开放赎回,nan
2017-02-13,1.153,1.153,0.0,开放申购,开放赎回,nan
2017-02-14,1.154,1.154,0.09,开放申购,开放赎回,nan
2017-02-15,1.154,1.154,0.0,开放申购,开放赎回,nan
2017-02-16,1.154,1.154,0.0,开放申购,开放赎回,nan
2017-02-17,1.154,1.154,0.0,开放申购,开放赎回,nan
2017-02-20,1.155,1.155,0.09,开放申购,开放赎回,nan
2017-02-21,1.155,1.155,0.0,开放申购,开放赎回,nan
2017-02-22,1.156,1.156,0.09,开放申购,开放赎回,nan
2017-02-23,1.155,1.155,-0.09,开放申购,开放赎回,nan
2017-02-24,1.155,1.155,0.0,开放申购,开放赎回,nan
2017-02-27,1.155,1.155,0.0,开放申购,开放赎回,nan
2017-02-28,1.155,1.155,0.0,开放申购,开放赎回,nan
2017-03-01,1.154,1.154,-0.09,开放申购,开放赎回,nan
2017-03-02,1.153,1.153,-0.09,开放申购,开放赎回,nan
2017-03-03,1.153,1.153,0.0,开放申购,开放赎回,nan
2017-03-06,1.153,1.153,0.0,开放申购,开放赎回,nan
2017-03-07,1.153,1.153,0.0,开放申购,开放赎回,nan
2017-03-08,1.151,1.151,-0.17,开放申购,开放赎回,nan
2017-03-09,1.15,1.15,-0.09,开放申购,开放赎回,nan
2017-03-10,1.149,1.149,-0.09,开放申购,开放赎回,nan
2017-03-13,1.15,1.15,0.09,开放申购,开放赎回,nan
2017-03-14,1.151,1.151,0.09,开放申购,开放赎回,nan
2017-03-15,1.151,1.151,0.0,开放申购,开放赎回,nan
2017-03-16,1.152,1.152,0.09,开放申购,开放赎回,nan
2017-03-17,1.151,1.151,-0.09,开放申购,开放赎回,nan
2017-03-20,1.151,1.151,0.0,开放申购,开放赎回,nan
2017-03-21,1.15,1.15,-0.09,开放申购,开放赎回,nan
2017-03-22,1.15,1.15,0.0,开放申购,开放赎回,nan
2017-03-23,1.151,1.151,0.09,开放申购,开放赎回,nan
2017-03-24,1.153,1.153,0.17,开放申购,开放赎回,nan
2017-03-27,1.153,1.153,0.0,开放申购,开放赎回,nan
2017-03-28,1.153,1.153,0.0,开放申购,开放赎回,nan
2017-03-29,1.154,1.154,0.09,开放申购,开放赎回,nan
2017-03-30,1.153,1.153,-0.09,开放申购,开放赎回,nan
2017-03-31,1.154,1.154,0.09,开放申购,开放赎回,nan
2017-04-05,1.154,1.154,0.0,开放申购,开放赎回,nan
2017-04-06,1.154,1.154,0.0,开放申购,开放赎回,nan
2017-04-07,1.154,1.154,0.0,开放申购,开放赎回,nan
2017-04-10,1.155,1.155,0.09,开放申购,开放赎回,nan
2017-04-11,1.155,1.155,0.0,开放申购,开放赎回,nan
2017-04-12,1.155,1.155,0.0,开放申购,开放赎回,nan
2017-04-13,1.155,1.155,0.0,开放申购,开放赎回,nan
2017-04-14,1.154,1.154,-0.09,开放申购,开放赎回,nan
2017-04-17,1.153,1.153,-0.09,开放申购,开放赎回,nan
2017-04-18,1.152,1.152,-0.09,开放申购,开放赎回,nan
2017-04-19,1.152,1.152,0.0,开放申购,开放赎回,nan
2017-04-20,1.151,1.151,-0.09,开放申购,开放赎回,nan
2017-04-21,1.15,1.15,-0.09,开放申购,开放赎回,nan
2017-04-24,1.149,1.149,-0.09,开放申购,开放赎回,nan
2017-04-25,1.148,1.148,-0.09,开放申购,开放赎回,nan
2017-04-26,1.148,1.148,0.0,开放申购,开放赎回,nan
2017-04-27,1.149,1.149,0.09,开放申购,开放赎回,nan
2017-04-28,1.149,1.149,0.0,开放申购,开放赎回,nan
2017-05-02,1.148,1.148,-0.09,开放申购,开放赎回,nan
2017-05-03,1.148,1.148,0.0,开放申购,开放赎回,nan
2017-05-04,1.147,1.147,-0.09,开放申购,开放赎回,nan
2017-05-05,1.147,1.147,0.0,开放申购,开放赎回,nan
2017-05-08,1.14,1.14,-0.61,开放申购,开放赎回,nan
2017-05-09,1.139,1.139,-0.09,开放申购,开放赎回,nan
2017-05-10,1.137,1.137,-0.18,开放申购,开放赎回,nan
2017-05-11,1.135,1.135,-0.18,开放申购,开放赎回,nan
2017-05-12,1.135,1.135,0.0,开放申购,开放赎回,nan
2017-05-15,1.135,1.135,0.0,开放申购,开放赎回,nan
2017-05-16,1.135,1.135,0.0,开放申购,开放赎回,nan
2017-05-17,1.135,1.135,0.0,开放申购,开放赎回,nan
2017-05-18,1.135,1.135,0.0,开放申购,开放赎回,nan
2017-05-19,1.136,1.136,0.09,开放申购,开放赎回,nan
2017-05-22,1.136,1.136,0.0,开放申购,开放赎回,nan
2017-05-23,1.135,1.135,-0.09,开放申购,开放赎回,nan
2017-05-24,1.135,1.135,0.0,开放申购,开放赎回,nan
2017-05-25,1.136,1.136,0.09,开放申购,开放赎回,nan
2017-05-26,1.136,1.136,0.0,开放申购,开放赎回,nan
2017-05-31,1.136,1.136,0.0,开放申购,开放赎回,nan
2017-06-01,1.136,1.136,0.0,开放申购,开放赎回,nan
2017-06-02,1.136,1.136,0.0,开放申购,开放赎回,nan
2017-06-05,1.138,1.138,0.18,开放申购,开放赎回,nan
2017-06-06,1.139,1.139,0.09,开放申购,开放赎回,nan
2017-06-07,1.14,1.14,0.09,开放申购,开放赎回,nan
2017-06-08,1.142,1.142,0.18,开放申购,开放赎回,nan
2017-06-09,1.143,1.143,0.09,开放申购,开放赎回,nan
2017-06-12,1.143,1.143,0.0,开放申购,开放赎回,nan
2017-06-13,1.145,1.145,0.18,开放申购,开放赎回,nan
2017-06-14,1.145,1.145,0.0,开放申购,开放赎回,nan
2017-06-15,1.146,1.146,0.09,开放申购,开放赎回,nan
2017-06-16,1.147,1.147,0.09,开放申购,开放赎回,nan
2017-06-19,1.15,1.15,0.26,开放申购,开放赎回,nan
2017-06-20,1.152,1.152,0.17,开放申购,开放赎回,nan
2017-06-21,1.153,1.153,0.09,开放申购,开放赎回,nan
2017-06-22,1.154,1.154,0.09,开放申购,开放赎回,nan
2017-06-23,1.154,1.154,0.0,开放申购,开放赎回,nan
2017-06-26,1.157,1.157,0.26,开放申购,开放赎回,nan
2017-06-27,1.158,1.158,0.09,开放申购,开放赎回,nan
2017-06-28,1.158,1.158,0.0,开放申购,开放赎回,nan
2017-06-29,1.158,1.158,0.0,开放申购,开放赎回,nan
2017-06-30,1.158,1.158,0.0,开放申购,开放赎回,nan
2017-07-03,1.159,1.159,0.09,开放申购,开放赎回,nan
2017-07-04,1.159,1.159,0.0,开放申购,开放赎回,nan
2017-07-05,1.161,1.161,0.17,开放申购,开放赎回,nan
2017-07-06,1.163,1.163,0.17,开放申购,开放赎回,nan
2017-07-07,1.163,1.163,0.0,开放申购,开放赎回,nan
2017-07-10,1.163,1.163,0.0,开放申购,开放赎回,nan
2017-07-11,1.163,1.163,0.0,开放申购,开放赎回,nan
2017-07-12,1.162,1.162,-0.09,开放申购,开放赎回,nan
2017-07-13,1.165,1.165,0.26,开放申购,开放赎回,nan
2017-07-14,1.166,1.166,0.09,开放申购,开放赎回,nan
2017-07-17,1.167,1.167,0.09,开放申购,开放赎回,nan
2017-07-18,1.166,1.166,-0.09,开放申购,开放赎回,nan
2017-07-19,1.166,1.166,0.0,开放申购,开放赎回,nan
2017-07-20,1.167,1.167,0.09,开放申购,开放赎回,nan
2017-07-21,1.168,1.168,0.09,开放申购,开放赎回,nan
2017-07-24,1.169,1.169,0.09,开放申购,开放赎回,nan
2017-07-25,1.168,1.168,-0.09,开放申购,开放赎回,nan
2017-07-26,1.168,1.168,0.0,开放申购,开放赎回,nan
2017-07-27,1.169,1.169,0.09,开放申购,开放赎回,nan
2017-07-28,1.169,1.169,0.0,开放申购,开放赎回,nan
2017-07-31,1.17,1.17,0.09,开放申购,开放赎回,nan
2017-08-01,1.172,1.172,0.17,开放申购,开放赎回,nan
2017-08-02,1.173,1.173,0.09,开放申购,开放赎回,nan
2017-08-03,1.171,1.171,-0.17,开放申购,开放赎回,nan
2017-08-04,1.171,1.171,0.0,开放申购,开放赎回,nan
2017-08-07,1.171,1.171,0.0,开放申购,开放赎回,nan
2017-08-08,1.171,1.171,0.0,开放申购,开放赎回,nan
2017-08-09,1.169,1.169,-0.17,开放申购,开放赎回,nan
2017-08-10,1.169,1.169,0.0,开放申购,开放赎回,nan
2017-08-11,1.168,1.168,-0.09,开放申购,开放赎回,nan
2017-08-14,1.169,1.169,0.09,开放申购,开放赎回,nan
2017-08-15,1.17,1.17,0.09,开放申购,开放赎回,nan
2017-08-16,1.17,1.17,0.0,开放申购,开放赎回,nan
2017-08-17,1.17,1.17,0.0,开放申购,开放赎回,nan
2017-08-18,1.17,1.17,0.0,开放申购,开放赎回,nan
2017-08-21,1.17,1.17,0.0,开放申购,开放赎回,nan
2017-08-22,1.17,1.17,0.0,开放申购,开放赎回,nan
2017-08-23,1.17,1.17,0.0,开放申购,开放赎回,nan
2017-08-24,1.169,1.169,-0.09,开放申购,开放赎回,nan
2017-08-25,1.17,1.17,0.09,开放申购,开放赎回,nan
2017-08-28,1.172,1.172,0.17,开放申购,开放赎回,nan
2017-08-29,1.171,1.171,-0.09,开放申购,开放赎回,nan
2017-08-30,1.17,1.17,-0.09,开放申购,开放赎回,nan
2017-08-31,1.169,1.169,-0.09,开放申购,开放赎回,nan
2017-09-01,1.169,1.169,0.0,开放申购,开放赎回,nan
2017-09-04,1.17,1.17,0.09,开放申购,开放赎回,nan
2017-09-05,1.17,1.17,0.0,开放申购,开放赎回,nan
2017-09-06,1.17,1.17,0.0,开放申购,开放赎回,nan
2017-09-07,1.169,1.169,-0.09,开放申购,开放赎回,nan
2017-09-08,1.17,1.17,0.09,开放申购,开放赎回,nan
2017-09-11,1.169,1.169,-0.09,开放申购,开放赎回,nan
2017-09-12,1.168,1.168,-0.09,开放申购,开放赎回,nan
2017-09-13,1.168,1.168,0.0,开放申购,开放赎回,nan
2017-09-14,1.167,1.167,-0.09,开放申购,开放赎回,nan
2017-09-15,1.167,1.167,0.0,开放申购,开放赎回,nan
2017-09-18,1.167,1.167,0.0,开放申购,开放赎回,nan
2017-09-19,1.167,1.167,0.0,开放申购,开放赎回,nan
2017-09-20,1.167,1.167,0.0,开放申购,开放赎回,nan
2017-09-21,1.168,1.168,0.09,开放申购,开放赎回,nan
2017-09-22,1.168,1.168,0.0,开放申购,开放赎回,nan
2017-09-25,1.169,1.169,0.09,开放申购,开放赎回,nan
2017-09-26,1.169,1.169,0.0,开放申购,开放赎回,nan
2017-09-27,1.168,1.168,-0.09,开放申购,开放赎回,nan
2017-09-28,1.167,1.167,-0.09,开放申购,开放赎回,nan
2017-09-29,1.168,1.168,0.09,开放申购,开放赎回,nan
2017-10-09,1.169,1.169,0.09,开放申购,开放赎回,nan
2017-10-10,1.168,1.168,-0.09,开放申购,开放赎回,nan
2017-10-11,1.169,1.169,0.09,开放申购,开放赎回,nan
2017-10-12,1.17,1.17,0.09,开放申购,开放赎回,nan
2017-10-13,1.17,1.17,0.0,开放申购,开放赎回,nan
2017-10-16,1.17,1.17,0.0,开放申购,开放赎回,nan
2017-10-17,1.17,1.17,0.0,开放申购,开放赎回,nan
2017-10-18,1.169,1.169,-0.09,开放申购,开放赎回,nan
2017-10-19,1.169,1.169,0.0,开放申购,开放赎回,nan
2017-10-20,1.169,1.169,0.0,开放申购,开放赎回,nan
2017-10-23,1.169,1.169,0.0,开放申购,开放赎回,nan
2017-10-24,1.17,1.17,0.09,开放申购,开放赎回,nan
2017-10-25,1.17,1.17,0.0,开放申购,开放赎回,nan
2017-10-26,1.169,1.169,-0.09,开放申购,开放赎回,nan
2017-10-27,1.169,1.169,0.0,开放申购,开放赎回,nan
2017-10-30,1.168,1.168,-0.09,开放申购,开放赎回,nan
2017-10-31,1.167,1.167,-0.09,开放申购,开放赎回,nan
2017-11-01,1.168,1.168,0.09,开放申购,开放赎回,nan
2017-11-02,1.168,1.168,0.0,开放申购,开放赎回,nan
2017-11-03,1.167,1.167,-0.09,开放申购,开放赎回,nan
2017-11-06,1.166,1.166,-0.09,开放申购,开放赎回,nan
2017-11-07,1.166,1.166,0.0,开放申购,开放赎回,nan
2017-11-08,1.166,1.166,0.0,开放申购,开放赎回,nan
2017-11-09,1.167,1.167,0.09,开放申购,开放赎回,nan
2017-11-10,1.171,1.171,0.34,开放申购,开放赎回,nan
2017-11-13,1.17,1.17,-0.09,开放申购,开放赎回,nan
2017-11-14,1.171,1.171,0.09,开放申购,开放赎回,nan
2017-11-15,1.169,1.169,-0.17,开放申购,开放赎回,nan
2017-11-16,1.17,1.17,0.09,开放申购,开放赎回,nan
2017-11-17,1.17,1.17,0.0,开放申购,开放赎回,nan
2017-11-20,1.169,1.169,-0.09,开放申购,开放赎回,nan
2017-11-21,1.169,1.169,0.0,开放申购,开放赎回,nan
2017-11-22,1.167,1.167,-0.17,开放申购,开放赎回,nan
2017-11-23,1.162,1.162,-0.43,开放申购,开放赎回,nan
2017-11-24,1.161,1.161,-0.09,开放申购,开放赎回,nan
2017-11-27,1.159,1.159,-0.17,开放申购,开放赎回,nan
2017-11-28,1.158,1.158,-0.09,开放申购,开放赎回,nan
2017-11-29,1.158,1.158,0.0,开放申购,开放赎回,nan
2017-11-30,1.154,1.154,-0.35,开放申购,开放赎回,nan
2017-12-01,1.153,1.153,-0.09,开放申购,开放赎回,nan
2017-12-04,1.155,1.155,0.17,开放申购,开放赎回,nan
2017-12-05,1.156,1.156,0.09,开放申购,开放赎回,nan
2017-12-06,1.154,1.154,-0.17,开放申购,开放赎回,nan
2017-12-07,1.153,1.153,-0.09,开放申购,开放赎回,nan
2017-12-08,1.157,1.157,0.35,开放申购,开放赎回,nan
2017-12-11,1.16,1.16,0.26,开放申购,开放赎回,nan
2017-12-12,1.157,1.157,-0.26,开放申购,开放赎回,nan
2017-12-13,1.157,1.157,0.0,开放申购,开放赎回,nan
2017-12-14,1.155,1.155,-0.17,开放申购,开放赎回,nan
2017-12-15,1.156,1.156,0.09,开放申购,开放赎回,nan
2017-12-18,1.156,1.156,0.0,开放申购,开放赎回,nan
2017-12-19,1.16,1.16,0.35,开放申购,开放赎回,nan
2017-12-20,1.16,1.16,0.0,开放申购,开放赎回,nan
2017-12-21,1.161,1.161,0.09,开放申购,开放赎回,nan
2017-12-22,1.162,1.162,0.09,开放申购,开放赎回,nan
2017-12-25,1.162,1.162,0.0,开放申购,开放赎回,nan
2017-12-26,1.165,1.165,0.26,开放申购,开放赎回,nan
2017-12-27,1.161,1.161,-0.34,开放申购,开放赎回,nan
2017-12-28,1.162,1.162,0.09,开放申购,开放赎回,nan
2017-12-29,1.164,1.164,0.17,开放申购,开放赎回,nan
2017-12-31,1.164,1.164,,开放申购,开放赎回,nan
2018-01-02,1.166,1.166,0.17,开放申购,开放赎回,nan
2018-01-03,1.167,1.167,0.09,开放申购,开放赎回,nan
2018-01-04,1.166,1.166,-0.09,开放申购,开放赎回,nan
2018-01-05,1.166,1.166,0.0,开放申购,开放赎回,nan
2018-01-08,1.166,1.166,0.0,开放申购,开放赎回,nan
2018-01-09,1.166,1.166,0.0,开放申购,开放赎回,nan
2018-01-10,1.166,1.166,0.0,开放申购,开放赎回,nan
2018-01-11,1.166,1.166,0.0,开放申购,开放赎回,nan
2018-01-12,1.167,1.167,0.09,开放申购,开放赎回,nan
2018-01-15,1.169,1.169,0.17,开放申购,开放赎回,nan
2018-01-16,1.169,1.169,0.0,开放申购,开放赎回,nan
2018-01-17,1.169,1.169,0.0,开放申购,开放赎回,nan
2018-01-18,1.17,1.17,0.09,开放申购,开放赎回,nan
2018-01-19,1.171,1.171,0.09,开放申购,开放赎回,nan
2018-01-22,1.171,1.171,0.0,开放申购,开放赎回,nan
2018-01-23,1.172,1.172,0.09,开放申购,开放赎回,nan
2018-01-24,1.173,1.173,0.09,开放申购,开放赎回,nan
2018-01-25,1.172,1.172,-0.09,开放申购,开放赎回,nan
2018-01-26,1.173,1.173,0.09,开放申购,开放赎回,nan
2018-01-29,1.169,1.169,-0.34,开放申购,开放赎回,nan
2018-01-30,1.168,1.168,-0.09,开放申购,开放赎回,nan
2018-01-31,1.169,1.169,0.09,开放申购,开放赎回,nan
2018-02-01,1.167,1.167,-0.17,开放申购,开放赎回,nan
2018-02-02,1.169,1.169,0.17,开放申购,开放赎回,nan
2018-02-05,1.171,1.171,0.17,开放申购,开放赎回,nan
2018-02-06,1.167,1.167,-0.34,开放申购,开放赎回,nan
2018-02-07,1.165,1.165,-0.17,开放申购,开放赎回,nan
2018-02-08,1.163,1.163,-0.17,开放申购,开放赎回,nan
2018-02-09,1.153,1.153,-0.86,开放申购,开放赎回,nan
2018-02-12,1.157,1.157,0.35,开放申购,开放赎回,nan
2018-02-13,1.16,1.16,0.26,开放申购,开放赎回,nan
2018-02-14,1.161,1.161,0.09,开放申购,开放赎回,nan
2018-02-22,1.166,1.166,0.43,开放申购,开放赎回,nan
2018-02-23,1.166,1.166,0.0,开放申购,开放赎回,nan
2018-02-26,1.169,1.169,0.26,开放申购,开放赎回,nan
2018-02-27,1.167,1.167,-0.17,开放申购,开放赎回,nan
2018-02-28,1.163,1.163,-0.34,开放申购,开放赎回,nan
2018-03-01,1.162,1.162,-0.09,开放申购,开放赎回,nan
2018-03-02,1.157,1.157,-0.43,开放申购,开放赎回,nan
2018-03-05,1.157,1.157,0.0,开放申购,开放赎回,nan
2018-03-06,1.163,1.163,0.52,开放申购,开放赎回,nan
2018-03-07,1.161,1.161,-0.17,开放申购,开放赎回,nan
2018-03-08,1.16,1.16,-0.09,开放申购,开放赎回,nan
2018-03-09,1.162,1.162,0.17,开放申购,开放赎回,nan
2018-03-12,1.165,1.165,0.26,开放申购,开放赎回,nan
2018-03-13,1.162,1.162,-0.26,开放申购,开放赎回,nan
2018-03-14,1.161,1.161,-0.09,开放申购,开放赎回,nan
2018-03-15,1.161,1.161,0.0,开放申购,开放赎回,nan
2018-03-16,1.161,1.161,0.0,开放申购,开放赎回,nan
2018-03-19,1.161,1.161,0.0,开放申购,开放赎回,nan
2018-03-20,1.16,1.16,-0.09,开放申购,开放赎回,nan
2018-03-21,1.158,1.158,-0.17,开放申购,开放赎回,nan
2018-03-22,1.154,1.154,-0.35,开放申购,开放赎回,nan
2018-03-23,1.147,1.147,-0.61,开放申购,开放赎回,nan
2018-03-26,1.148,1.148,0.09,开放申购,开放赎回,nan
2018-03-27,1.149,1.149,0.09,开放申购,开放赎回,nan
2018-03-28,1.146,1.146,-0.26,开放申购,开放赎回,nan
2018-03-29,1.148,1.148,0.17,开放申购,开放赎回,nan
2018-03-30,1.149,1.149,0.09,开放申购,开放赎回,nan
2018-04-02,1.151,1.151,0.17,开放申购,开放赎回,nan
2018-04-03,1.152,1.152,0.09,开放申购,开放赎回,nan
2018-04-04,1.152,1.152,0.0,开放申购,开放赎回,nan
2018-04-09,1.155,1.155,0.26,开放申购,开放赎回,nan
2018-04-10,1.157,1.157,0.17,开放申购,开放赎回,nan
2018-04-11,1.158,1.158,0.09,开放申购,开放赎回,nan
2018-04-12,1.156,1.156,-0.17,开放申购,开放赎回,nan
2018-04-13,1.153,1.153,-0.26,开放申购,开放赎回,nan
2018-04-16,1.146,1.146,-0.61,开放申购,开放赎回,nan
2018-04-17,1.143,1.143,-0.26,开放申购,开放赎回,nan
2018-04-18,1.148,1.148,0.44,开放申购,开放赎回,nan
2018-04-19,1.151,1.151,0.26,开放申购,开放赎回,nan
2018-04-20,1.148,1.148,-0.26,开放申购,开放赎回,nan
2018-04-23,1.145,1.145,-0.26,开放申购,开放赎回,nan
2018-04-24,1.152,1.152,0.61,开放申购,开放赎回,nan
2018-04-25,1.151,1.151,-0.09,开放申购,开放赎回,nan
2018-04-26,1.147,1.147,-0.35,开放申购,开放赎回,nan
2018-04-27,1.149,1.149,0.17,开放申购,开放赎回,nan
2018-05-02,1.147,1.147,-0.17,开放申购,开放赎回,nan
2018-05-03,1.15,1.15,0.26,开放申购,开放赎回,nan
2018-05-04,1.151,1.151,0.09,开放申购,开放赎回,nan
2018-05-07,1.154,1.154,0.26,开放申购,开放赎回,nan
2018-05-08,1.158,1.158,0.35,开放申购,开放赎回,nan
2018-05-09,1.156,1.156,-0.17,开放申购,开放赎回,nan
2018-05-10,1.156,1.156,0.0,开放申购,开放赎回,nan
2018-05-11,1.155,1.155,-0.09,开放申购,开放赎回,nan
2018-05-14,1.154,1.154,-0.09,开放申购,开放赎回,nan
2018-05-15,1.163,1.163,0.78,开放申购,开放赎回,nan
2018-05-16,1.159,1.159,-0.34,开放申购,开放赎回,nan
2018-05-17,1.157,1.157,-0.17,开放申购,开放赎回,nan
2018-05-18,1.155,1.155,-0.17,开放申购,开放赎回,nan
2018-05-21,1.157,1.157,0.17,开放申购,开放赎回,nan
2018-05-22,1.159,1.159,0.17,开放申购,开放赎回,nan
2018-05-23,1.155,1.155,-0.35,开放申购,开放赎回,nan
2018-05-24,1.153,1.153,-0.17,开放申购,开放赎回,nan
2018-05-25,1.144,1.144,-0.78,开放申购,开放赎回,nan
2018-05-28,1.143,1.143,-0.09,开放申购,开放赎回,nan
2018-05-29,1.14,1.14,-0.26,开放申购,开放赎回,nan
2018-05-30,1.135,1.135,-0.44,开放申购,开放赎回,nan
2018-05-31,1.138,1.138,0.26,开放申购,开放赎回,nan
2018-06-01,1.136,1.136,-0.18,开放申购,开放赎回,nan
2018-06-04,1.126,1.126,-0.88,开放申购,开放赎回,nan
2018-06-05,1.131,1.131,0.44,开放申购,开放赎回,nan
2018-06-06,1.132,1.132,0.09,开放申购,开放赎回,nan
2018-06-07,1.135,1.135,0.27,开放申购,开放赎回,nan
2018-06-08,1.131,1.131,-0.35,开放申购,开放赎回,nan
2018-06-11,1.131,1.131,0.0,开放申购,开放赎回,nan
2018-06-12,1.133,1.133,0.18,开放申购,开放赎回,nan
2018-06-13,1.13,1.13,-0.26,开放申购,开放赎回,nan
2018-06-14,1.127,1.127,-0.27,开放申购,开放赎回,nan
2018-06-15,1.123,1.123,-0.35,开放申购,开放赎回,nan
2018-06-19,1.106,1.106,-1.51,开放申购,开放赎回,nan
2018-06-20,1.11,1.11,0.36,开放申购,开放赎回,nan
2018-06-21,1.109,1.109,-0.09,开放申购,开放赎回,nan
2018-06-22,1.111,1.111,0.18,开放申购,开放赎回,nan
2018-06-25,1.112,1.112,0.09,开放申购,开放赎回,nan
2018-06-26,1.112,1.112,0.0,开放申购,开放赎回,nan
2018-06-27,1.109,1.109,-0.27,开放申购,开放赎回,nan
2018-06-28,1.109,1.109,0.0,开放申购,开放赎回,nan
2018-06-29,1.12,1.12,0.99,开放申购,开放赎回,nan
2018-06-30,1.12,1.12,,开放申购,开放赎回,nan
2018-07-02,1.115,1.115,-0.45,开放申购,开放赎回,nan
2018-07-03,1.119,1.119,0.36,开放申购,开放赎回,nan
2018-07-04,1.115,1.115,-0.36,开放申购,开放赎回,nan
2018-07-05,1.116,1.116,0.09,开放申购,开放赎回,nan
2018-07-06,1.118,1.118,0.18,开放申购,开放赎回,nan
2018-07-09,1.127,1.127,0.81,开放申购,开放赎回,nan
2018-07-10,1.129,1.129,0.18,开放申购,开放赎回,nan
2018-07-11,1.127,1.127,-0.18,开放申购,开放赎回,nan
2018-07-12,1.134,1.134,0.62,开放申购,开放赎回,nan
2018-07-13,1.134,1.134,0.0,开放申购,开放赎回,nan
2018-07-16,1.133,1.133,-0.09,开放申购,开放赎回,nan
2018-07-17,1.133,1.133,0.0,开放申购,开放赎回,nan
2018-07-18,1.135,1.135,0.18,开放申购,开放赎回,nan
2018-07-19,1.136,1.136,0.09,开放申购,开放赎回,nan
2018-07-20,1.141,1.141,0.44,开放申购,开放赎回,nan
2018-07-23,1.148,1.148,0.61,开放申购,开放赎回,nan
2018-07-24,1.15,1.15,0.17,开放申购,开放赎回,nan
2018-07-25,1.148,1.148,-0.17,开放申购,开放赎回,nan
2018-07-26,1.141,1.141,-0.61,开放申购,开放赎回,nan
2018-07-27,1.141,1.141,0.0,开放申购,开放赎回,nan
2018-07-30,1.139,1.139,-0.18,开放申购,开放赎回,nan
2018-07-31,1.141,1.141,0.18,开放申购,开放赎回,nan
2018-08-01,1.138,1.138,-0.26,开放申购,开放赎回,nan
2018-08-02,1.136,1.136,-0.18,开放申购,开放赎回,nan
2018-08-03,1.133,1.133,-0.26,开放申购,开放赎回,nan
2018-08-06,1.13,1.13,-0.26,开放申购,开放赎回,nan
2018-08-07,1.139,1.139,0.8,开放申购,开放赎回,nan
2018-08-08,1.135,1.135,-0.35,开放申购,开放赎回,nan
2018-08-09,1.143,1.143,0.7,开放申购,开放赎回,nan
2018-08-10,1.142,1.142,-0.09,开放申购,开放赎回,nan
2018-08-13,1.141,1.141,-0.09,开放申购,开放赎回,nan
2018-08-14,1.136,1.136,-0.44,开放申购,开放赎回,nan
2018-08-15,1.133,1.133,-0.26,开放申购,开放赎回,nan
2018-08-16,1.132,1.132,-0.09,开放申购,开放赎回,nan
2018-08-17,1.126,1.126,-0.53,开放申购,开放赎回,nan
2018-08-20,1.126,1.126,0.0,开放申购,开放赎回,nan
2018-08-21,1.13,1.13,0.36,开放申购,开放赎回,nan
2018-08-22,1.128,1.128,-0.18,开放申购,开放赎回,nan
2018-08-23,1.13,1.13,0.18,开放申购,开放赎回,nan
2018-08-24,1.131,1.131,0.09,开放申购,开放赎回,nan
2018-08-27,1.136,1.136,0.44,开放申购,开放赎回,nan
2018-08-28,1.138,1.138,0.18,开放申购,开放赎回,nan
2018-08-29,1.135,1.135,-0.26,开放申购,开放赎回,nan
2018-08-30,1.129,1.129,-0.53,开放申购,开放赎回,nan
2018-08-31,1.13,1.13,0.09,开放申购,开放赎回,nan
2018-09-03,1.13,1.13,0.0,开放申购,开放赎回,nan
2018-09-04,1.132,1.132,0.18,开放申购,开放赎回,nan
2018-09-05,1.128,1.128,-0.35,开放申购,开放赎回,nan
2018-09-06,1.127,1.127,-0.09,开放申购,开放赎回,nan
2018-09-07,1.125,1.125,-0.18,开放申购,开放赎回,nan
2018-09-10,1.117,1.117,-0.71,开放申购,开放赎回,nan
2018-09-11,1.116,1.116,-0.09,开放申购,开放赎回,nan
2018-09-12,1.118,1.118,0.18,开放申购,开放赎回,nan
2018-09-13,1.119,1.119,0.09,开放申购,开放赎回,nan
2018-09-14,1.116,1.116,-0.27,开放申购,开放赎回,nan
2018-09-17,1.113,1.113,-0.27,开放申购,开放赎回,nan
2018-09-18,1.117,1.117,0.36,开放申购,开放赎回,nan
2018-09-19,1.123,1.123,0.54,开放申购,开放赎回,nan
2018-09-20,1.122,1.122,-0.09,开放申购,开放赎回,nan
2018-09-21,1.129,1.129,0.62,开放申购,开放赎回,nan
2018-09-25,1.128,1.128,-0.09,开放申购,开放赎回,nan
2018-09-26,1.131,1.131,0.27,开放申购,开放赎回,nan
2018-09-27,1.126,1.126,-0.44,开放申购,开放赎回,nan
2018-09-28,1.13,1.13,0.36,开放申购,开放赎回,nan
2018-10-08,1.119,1.119,-0.97,开放申购,开放赎回,nan
2018-10-09,1.114,1.114,-0.45,开放申购,开放赎回,nan
2018-10-10,1.116,1.116,0.18,开放申购,开放赎回,nan
2018-10-11,1.106,1.106,-0.9,开放申购,开放赎回,nan
2018-10-12,1.109,1.109,0.27,开放申购,开放赎回,nan
2018-10-15,1.107,1.107,-0.18,开放申购,开放赎回,nan
2018-10-16,1.102,1.102,-0.45,开放申购,开放赎回,nan
2018-10-17,1.104,1.104,0.18,开放申购,开放赎回,nan
2018-10-18,1.101,1.101,-0.27,开放申购,开放赎回,nan
2018-10-19,1.109,1.109,0.73,开放申购,开放赎回,nan
2018-10-22,1.118,1.118,0.81,开放申购,开放赎回,nan
2018-10-23,1.117,1.117,-0.09,开放申购,开放赎回,nan
2018-10-24,1.119,1.119,0.18,开放申购,开放赎回,nan
2018-10-25,1.119,1.119,0.0,开放申购,开放赎回,nan
2018-10-26,1.119,1.119,0.0,开放申购,开放赎回,nan
2018-10-29,1.115,1.115,-0.36,开放申购,开放赎回,nan
2018-10-30,1.115,1.115,0.0,开放申购,开放赎回,nan
2018-10-31,1.118,1.118,0.27,开放申购,开放赎回,nan
2018-11-01,1.122,1.122,0.36,开放申购,开放赎回,nan
2018-11-02,1.134,1.134,1.07,开放申购,开放赎回,nan
2018-11-05,1.135,1.135,0.09,开放申购,开放赎回,nan
2018-11-06,1.133,1.133,-0.18,开放申购,开放赎回,nan
2018-11-07,1.132,1.132,-0.09,开放申购,开放赎回,nan
2018-11-08,1.13,1.13,-0.18,开放申购,开放赎回,nan
2018-11-09,1.127,1.127,-0.27,开放申购,开放赎回,nan
2018-11-12,1.131,1.131,0.35,开放申购,开放赎回,nan
2018-11-13,1.134,1.134,0.27,开放申购,开放赎回,nan
2018-11-14,1.134,1.134,0.0,开放申购,开放赎回,nan
2018-11-15,1.142,1.142,0.71,开放申购,开放赎回,nan
2018-11-16,1.146,1.146,0.35,开放申购,开放赎回,nan
2018-11-19,1.148,1.148,0.17,开放申购,开放赎回,nan
2018-11-20,1.139,1.139,-0.78,开放申购,开放赎回,nan
2018-11-21,1.14,1.14,0.09,开放申购,开放赎回,nan
2018-11-22,1.138,1.138,-0.18,开放申购,开放赎回,nan
2018-11-23,1.132,1.132,-0.53,开放申购,开放赎回,nan
2018-11-26,1.133,1.133,0.09,开放申购,开放赎回,nan
2018-11-27,1.134,1.134,0.09,开放申购,开放赎回,nan
2018-11-28,1.139,1.139,0.44,开放申购,开放赎回,nan
2018-11-29,1.134,1.134,-0.44,开放申购,开放赎回,nan
2018-11-30,1.135,1.135,0.09,开放申购,开放赎回,nan
2018-12-03,1.146,1.146,0.97,开放申购,开放赎回,nan
2018-12-04,1.146,1.146,0.0,开放申购,开放赎回,nan
2018-12-05,1.146,1.146,0.0,开放申购,开放赎回,nan
2018-12-06,1.144,1.144,-0.17,开放申购,开放赎回,nan
2018-12-07,1.144,1.144,0.0,开放申购,开放赎回,nan
2018-12-10,1.141,1.141,-0.26,开放申购,开放赎回,nan
2018-12-11,1.139,1.139,-0.18,开放申购,开放赎回,nan
2018-12-12,1.141,1.141,0.18,开放申购,开放赎回,nan
2018-12-13,1.146,1.146,0.44,开放申购,开放赎回,nan
2018-12-14,1.143,1.143,-0.26,开放申购,开放赎回,nan
2018-12-17,1.141,1.141,-0.18,开放申购,开放赎回,nan
2018-12-18,1.135,1.135,-0.53,开放申购,开放赎回,nan
2018-12-19,1.131,1.131,-0.35,开放申购,开放赎回,nan
2018-12-20,1.126,1.126,-0.44,开放申购,开放赎回,nan
2018-12-21,1.121,1.121,-0.44,开放申购,开放赎回,nan
2018-12-24,1.121,1.121,0.0,开放申购,开放赎回,nan
2018-12-25,1.117,1.117,-0.36,开放申购,开放赎回,nan
2018-12-26,1.117,1.117,0.0,开放申购,开放赎回,nan
2018-12-27,1.116,1.116,-0.09,开放申购,开放赎回,nan
2018-12-28,1.119,1.119,0.27,开放申购,开放赎回,nan
2018-12-31,1.119,1.119,,开放申购,开放赎回,nan
2019-01-02,1.118,1.118,-0.09,开放申购,开放赎回,nan
2019-01-03,1.119,1.119,0.09,开放申购,开放赎回,nan
2019-01-04,1.124,1.124,0.45,开放申购,开放赎回,nan
2019-01-07,1.131,1.131,0.62,开放申购,开放赎回,nan
2019-01-08,1.133,1.133,0.18,开放申购,开放赎回,nan
2019-01-09,1.136,1.136,0.26,开放申购,开放赎回,nan
2019-01-10,1.138,1.138,0.18,开放申购,开放赎回,nan
2019-01-11,1.139,1.139,0.09,开放申购,开放赎回,nan
2019-01-14,1.138,1.138,-0.09,开放申购,开放赎回,nan
2019-01-15,1.141,1.141,0.26,开放申购,开放赎回,nan
2019-01-16,1.14,1.14,-0.09,开放申购,开放赎回,nan
2019-01-17,1.139,1.139,-0.09,开放申购,开放赎回,nan
2019-01-18,1.141,1.141,0.18,开放申购,开放赎回,nan
2019-01-21,1.144,1.144,0.26,开放申购,开放赎回,nan
2019-01-22,1.142,1.142,-0.17,开放申购,开放赎回,nan
2019-01-23,1.143,1.143,0.09,开放申购,开放赎回,nan
2019-01-24,1.147,1.147,0.35,开放申购,开放赎回,nan
2019-01-25,1.15,1.15,0.26,开放申购,开放赎回,nan
2019-01-28,1.148,1.148,-0.17,开放申购,开放赎回,nan
2019-01-29,1.146,1.146,-0.17,开放申购,开放赎回,nan
2019-01-30,1.146,1.146,0.0,开放申购,开放赎回,nan
2019-01-31,1.147,1.147,0.09,开放申购,开放赎回,nan
2019-02-01,1.154,1.154,0.61,开放申购,开放赎回,nan
2019-02-11,1.161,1.161,0.61,开放申购,开放赎回,nan
2019-02-12,1.165,1.165,0.34,开放申购,开放赎回,nan
2019-02-13,1.171,1.171,0.52,开放申购,开放赎回,nan
2019-02-14,1.174,1.174,0.26,开放申购,开放赎回,nan
2019-02-15,1.171,1.171,-0.26,开放申购,开放赎回,nan
2019-02-18,1.184,1.184,1.11,开放申购,开放赎回,nan
2019-02-19,1.181,1.181,-0.25,开放申购,开放赎回,nan
2019-02-20,1.18,1.18,-0.08,开放申购,开放赎回,nan
2019-02-21,1.184,1.184,0.34,开放申购,开放赎回,nan
2019-02-22,1.196,1.196,1.01,开放申购,开放赎回,nan
2019-02-25,1.22,1.22,2.01,开放申购,开放赎回,nan
2019-02-26,1.216,1.216,-0.33,开放申购,开放赎回,nan
2019-02-27,1.214,1.214,-0.16,开放申购,开放赎回,nan
2019-02-28,1.215,1.215,0.08,开放申购,开放赎回,nan
2019-03-01,1.22,1.22,0.41,开放申购,开放赎回,nan
2019-03-04,1.228,1.228,0.66,开放申购,开放赎回,nan
2019-03-05,1.236,1.236,0.65,开放申购,开放赎回,nan
2019-03-06,1.238,1.238,0.16,开放申购,开放赎回,nan
2019-03-07,1.238,1.238,0.0,开放申购,开放赎回,nan
2019-03-08,1.226,1.226,-0.97,开放申购,开放赎回,nan
2019-03-11,1.235,1.235,0.73,开放申购,开放赎回,nan
2019-03-12,1.241,1.241,0.49,开放申购,开放赎回,nan
2019-03-13,1.237,1.237,-0.32,开放申购,开放赎回,nan
2019-03-14,1.234,1.234,-0.24,开放申购,开放赎回,nan
2019-03-15,1.238,1.238,0.32,开放申购,开放赎回,nan
2019-03-18,1.247,1.247,0.73,开放申购,开放赎回,nan
2019-03-19,1.249,1.249,0.16,开放申购,开放赎回,nan
2019-03-20,1.249,1.249,0.0,开放申购,开放赎回,nan
2019-03-21,1.252,1.252,0.24,开放申购,开放赎回,nan
2019-03-22,1.253,1.253,0.08,开放申购,开放赎回,nan
2019-03-25,1.251,1.251,-0.16,开放申购,开放赎回,nan
2019-03-26,1.242,1.242,-0.72,开放申购,开放赎回,nan
2019-03-27,1.24,1.24,-0.16,开放申购,开放赎回,nan
2019-03-28,1.239,1.239,-0.08,开放申购,开放赎回,nan
2019-03-29,1.248,1.248,0.73,开放申购,开放赎回,nan
2019-04-01,1.259,1.259,0.88,开放申购,开放赎回,nan
2019-04-02,1.26,1.26,0.08,开放申购,开放赎回,nan
2019-04-03,1.263,1.263,0.24,开放申购,开放赎回,nan
2019-04-04,1.269,1.269,0.48,开放申购,开放赎回,nan
2019-04-08,1.265,1.265,-0.32,开放申购,开放赎回,nan
2019-04-09,1.257,1.257,-0.63,开放申购,开放赎回,nan
2019-04-10,1.253,1.253,-0.32,开放申购,开放赎回,nan
2019-04-11,1.242,1.242,-0.88,开放申购,开放赎回,nan
2019-04-12,1.242,1.242,0.0,开放申购,开放赎回,nan
2019-04-15,1.236,1.236,-0.48,开放申购,开放赎回,nan
2019-04-16,1.244,1.244,0.65,开放申购,开放赎回,nan
2019-04-17,1.249,1.249,0.4,开放申购,开放赎回,nan
2019-04-18,1.245,1.245,-0.32,开放申购,开放赎回,nan
2019-04-19,1.248,1.248,0.24,开放申购,开放赎回,nan
2019-04-22,1.232,1.232,-1.28,开放申购,开放赎回,nan
2019-04-23,1.222,1.222,-0.81,开放申购,开放赎回,nan
2019-04-24,1.223,1.223,0.08,开放申购,开放赎回,nan
2019-04-25,1.204,1.204,-1.55,开放申购,开放赎回,nan
2019-04-26,1.195,1.195,-0.75,开放申购,开放赎回,nan
2019-04-29,1.19,1.19,-0.42,开放申购,开放赎回,nan
2019-04-30,1.196,1.196,0.5,开放申购,开放赎回,nan
2019-05-06,1.165,1.165,-2.59,开放申购,开放赎回,nan
2019-05-07,1.169,1.169,0.34,开放申购,开放赎回,nan
2019-05-08,1.168,1.168,-0.09,开放申购,开放赎回,nan
2019-05-09,1.167,1.167,-0.09,开放申购,开放赎回,nan
2019-05-10,1.188,1.188,1.8,开放申购,开放赎回,nan
2019-05-13,1.179,1.179,-0.76,开放申购,开放赎回,nan
2019-05-14,1.181,1.181,0.17,开放申购,开放赎回,nan
2019-05-15,1.189,1.189,0.68,开放申购,开放赎回,nan
2019-05-16,1.189,1.189,0.0,开放申购,开放赎回,nan
2019-05-17,1.176,1.176,-1.09,开放申购,开放赎回,nan
2019-05-20,1.168,1.168,-0.68,开放申购,开放赎回,nan
2019-05-21,1.176,1.176,0.68,开放申购,开放赎回,nan
2019-05-22,1.178,1.178,0.17,开放申购,开放赎回,nan
2019-05-23,1.173,1.173,-0.42,开放申购,开放赎回,nan
2019-05-24,1.172,1.172,-0.09,开放申购,开放赎回,nan
2019-05-27,1.173,1.173,0.09,开放申购,开放赎回,nan
2019-05-28,1.172,1.172,-0.09,开放申购,开放赎回,nan
2019-05-29,1.17,1.17,-0.17,开放申购,开放赎回,nan
2019-05-30,1.165,1.165,-0.43,开放申购,开放赎回,nan
2019-05-31,1.162,1.162,-0.26,开放申购,开放赎回,nan
2019-06-03,1.148,1.148,-1.2,开放申购,开放赎回,nan
2019-06-04,1.139,1.139,-0.78,开放申购,开放赎回,nan
2019-06-05,1.139,1.139,0.0,开放申购,开放赎回,nan
2019-06-06,1.135,1.135,-0.35,开放申购,开放赎回,nan
2019-06-10,1.14,1.14,0.44,开放申购,开放赎回,nan
2019-06-11,1.158,1.158,1.58,开放申购,开放赎回,nan
2019-06-12,1.152,1.152,-0.52,开放申购,开放赎回,nan
2019-06-13,1.151,1.151,-0.09,开放申购,开放赎回,nan
2019-06-14,1.145,1.145,-0.52,开放申购,开放赎回,nan
2019-06-17,1.144,1.144,-0.09,开放申购,开放赎回,nan
2019-06-18,1.143,1.143,-0.09,开放申购,开放赎回,nan
2019-06-19,1.153,1.153,0.87,开放申购,开放赎回,nan
2019-06-20,1.171,1.171,1.56,开放申购,开放赎回,nan
2019-06-21,1.178,1.178,0.6,开放申购,开放赎回,nan
2019-06-24,1.178,1.178,0.0,开放申购,开放赎回,nan
2019-06-25,1.171,1.171,-0.59,开放申购,开放赎回,nan
2019-06-26,1.173,1.173,0.17,开放申购,开放赎回,nan
2019-06-27,1.181,1.181,0.68,开放申购,开放赎回,nan
2019-06-28,1.178,1.178,-0.25,开放申购,开放赎回,nan
2019-06-30,1.178,1.178,,开放申购,开放赎回,nan
2019-07-01,1.191,1.191,1.1,开放申购,开放赎回,nan
2019-07-02,1.192,1.192,0.08,开放申购,开放赎回,nan
2019-07-03,1.186,1.186,-0.5,开放申购,开放赎回,nan
2019-07-04,1.184,1.184,-0.17,开放申购,开放赎回,nan
2019-07-05,1.185,1.185,0.08,开放申购,开放赎回,nan
2019-07-08,1.171,1.171,-1.18,开放申购,开放赎回,nan
2019-07-09,1.17,1.17,-0.09,开放申购,开放赎回,nan
2019-07-10,1.169,1.169,-0.09,开放申购,开放赎回,nan
2019-07-11,1.17,1.17,0.09,开放申购,开放赎回,nan
2019-07-12,1.178,1.178,0.68,开放申购,开放赎回,nan
2019-07-15,1.181,1.181,0.25,开放申购,开放赎回,nan
2019-07-16,1.18,1.18,-0.08,开放申购,开放赎回,nan
2019-07-17,1.183,1.183,0.25,开放申购,开放赎回,nan
2019-07-18,1.179,1.179,-0.34,开放申购,开放赎回,nan
2019-07-19,1.184,1.184,0.42,开放申购,开放赎回,nan
2019-07-22,1.179,1.179,-0.42,开放申购,开放赎回,nan
2019-07-23,1.181,1.181,0.17,开放申购,开放赎回,nan
2019-07-24,1.183,1.183,0.17,开放申购,开放赎回,nan
2019-07-25,1.189,1.189,0.51,开放申购,开放赎回,nan
2019-07-26,1.195,1.195,0.5,开放申购,开放赎回,nan
2019-07-29,1.196,1.196,0.08,开放申购,开放赎回,nan
2019-07-30,1.201,1.201,0.42,开放申购,开放赎回,nan
2019-07-31,1.2,1.2,-0.08,开放申购,开放赎回,nan
2019-08-01,1.195,1.195,-0.42,开放申购,开放赎回,nan
2019-08-02,1.191,1.191,-0.33,开放申购,开放赎回,nan
2019-08-05,1.18,1.18,-0.92,开放申购,开放赎回,nan
2019-08-06,1.176,1.176,-0.34,开放申购,开放赎回,nan
2019-08-07,1.181,1.181,0.43,开放申购,开放赎回,nan
2019-08-08,1.185,1.185,0.34,开放申购,开放赎回,nan
2019-08-09,1.182,1.182,-0.25,开放申购,开放赎回,nan
2019-08-12,1.192,1.192,0.85,开放申购,开放赎回,nan
2019-08-13,1.187,1.187,-0.42,开放申购,开放赎回,nan
2019-08-14,1.189,1.189,0.17,开放申购,开放赎回,nan
2019-08-15,1.192,1.192,0.25,开放申购,开放赎回,nan
2019-08-16,1.198,1.198,0.5,开放申购,开放赎回,nan
2019-08-19,1.214,1.214,1.34,开放申购,开放赎回,nan
2019-08-20,1.211,1.211,-0.25,开放申购,开放赎回,nan
2019-08-21,1.207,1.207,-0.33,开放申购,开放赎回,nan
2019-08-22,1.206,1.206,-0.08,开放申购,开放赎回,nan
2019-08-23,1.213,1.213,0.58,开放申购,开放赎回,nan
2019-08-26,1.202,1.202,-0.91,开放申购,开放赎回,nan
2019-08-27,1.21,1.21,0.67,开放申购,开放赎回,nan
2019-08-28,1.207,1.207,-0.25,开放申购,开放赎回,nan
2019-08-29,1.205,1.205,-0.17,开放申购,开放赎回,nan
2019-08-30,1.205,1.205,0.0,开放申购,开放赎回,nan
2019-09-02,1.215,1.215,0.83,开放申购,开放赎回,nan
2019-09-03,1.22,1.22,0.41,开放申购,开放赎回,nan
2019-09-04,1.225,1.225,0.41,开放申购,开放赎回,nan
2019-09-05,1.238,1.238,1.06,开放申购,开放赎回,nan
2019-09-06,1.243,1.243,0.4,开放申购,开放赎回,nan
2019-09-09,1.254,1.254,0.89,开放申购,开放赎回,nan
2019-09-10,1.249,1.249,-0.4,开放申购,开放赎回,nan
2019-09-11,1.245,1.245,-0.32,开放申购,开放赎回,nan
2019-09-12,1.246,1.246,0.08,开放申购,开放赎回,nan
2019-09-16,1.242,1.242,-0.32,开放申购,开放赎回,nan
2019-09-17,1.225,1.225,-1.37,开放申购,开放赎回,nan
2019-09-18,1.224,1.224,-0.08,开放申购,开放赎回,nan
2019-09-19,1.23,1.23,0.49,开放申购,开放赎回,nan
2019-09-20,1.239,1.239,0.73,开放申购,开放赎回,nan
2019-09-23,1.231,1.231,-0.65,开放申购,开放赎回,nan
2019-09-24,1.232,1.232,0.08,开放申购,开放赎回,nan
2019-09-25,1.229,1.229,-0.24,开放申购,开放赎回,nan
2019-09-26,1.222,1.222,-0.57,开放申购,开放赎回,nan
2019-09-27,1.226,1.226,0.33,开放申购,开放赎回,nan
2019-09-30,1.219,1.219,-0.57,开放申购,开放赎回,nan
2019-10-08,1.222,1.222,0.25,开放申购,开放赎回,nan
2019-10-09,1.227,1.227,0.41,开放申购,开放赎回,nan
2019-10-10,1.232,1.232,0.41,开放申购,开放赎回,nan
2019-10-11,1.238,1.238,0.49,开放申购,开放赎回,nan
2019-10-14,1.247,1.247,0.73,开放申购,开放赎回,nan
2019-10-15,1.242,1.242,-0.4,开放申购,开放赎回,nan
2019-10-16,1.236,1.236,-0.48,开放申购,开放赎回,nan
2019-10-17,1.234,1.234,-0.16,开放申购,开放赎回,nan
2019-10-18,1.227,1.227,-0.57,开放申购,开放赎回,nan
2019-10-21,1.225,1.225,-0.16,开放申购,开放赎回,nan
2019-10-22,1.226,1.226,0.08,开放申购,开放赎回,nan
2019-10-23,1.222,1.222,-0.33,开放申购,开放赎回,nan
2019-10-24,1.224,1.224,0.16,开放申购,开放赎回,nan
2019-10-25,1.227,1.227,0.25,开放申购,开放赎回,nan
2019-10-28,1.235,1.235,0.65,开放申购,开放赎回,nan
2019-10-29,1.23,1.23,-0.4,开放申购,开放赎回,nan
2019-10-30,1.223,1.223,-0.57,开放申购,开放赎回,nan
2019-10-31,1.22,1.22,-0.25,开放申购,开放赎回,nan
2019-11-01,1.225,1.225,0.41,开放申购,开放赎回,nan
2019-11-04,1.227,1.227,0.16,开放申购,开放赎回,nan
2019-11-05,1.234,1.234,0.57,开放申购,开放赎回,nan
2019-11-06,1.234,1.234,0.0,开放申购,开放赎回,nan
2019-11-07,1.239,1.239,0.41,开放申购,开放赎回,nan
2019-11-08,1.238,1.238,-0.08,开放申购,开放赎回,nan
2019-11-11,1.23,1.23,-0.65,开放申购,开放赎回,nan
2019-11-12,1.228,1.228,-0.16,开放申购,开放赎回,nan
2019-11-13,1.228,1.228,0.0,开放申购,开放赎回,nan
2019-11-14,1.229,1.229,0.08,开放申购,开放赎回,nan
2019-11-15,1.226,1.226,-0.24,开放申购,开放赎回,nan
2019-11-18,1.228,1.228,0.16,开放申购,开放赎回,nan
2019-11-19,1.237,1.237,0.73,开放申购,开放赎回,nan
2019-11-20,1.232,1.232,-0.4,开放申购,开放赎回,nan
2019-11-21,1.23,1.23,-0.16,开放申购,开放赎回,nan
2019-11-22,1.226,1.226,-0.33,开放申购,开放赎回,nan
2019-11-25,1.226,1.226,0.0,开放申购,开放赎回,nan
2019-11-26,1.227,1.227,0.08,开放申购,开放赎回,nan
2019-11-27,1.226,1.226,-0.08,开放申购,开放赎回,nan
2019-11-28,1.223,1.223,-0.24,开放申购,开放赎回,nan
2019-11-29,1.222,1.222,-0.08,开放申购,开放赎回,nan
2019-12-02,1.223,1.223,0.08,开放申购,开放赎回,nan
2019-12-03,1.224,1.224,0.08,开放申购,开放赎回,nan
2019-12-04,1.225,1.225,0.08,开放申购,开放赎回,nan
2019-12-05,1.234,1.234,0.73,开放申购,开放赎回,nan
2019-12-06,1.239,1.239,0.41,开放申购,开放赎回,nan
2019-12-09,1.24,1.24,0.08,开放申购,开放赎回,nan
2019-12-10,1.243,1.243,0.24,开放申购,开放赎回,nan
2019-12-11,1.248,1.248,0.4,开放申购,开放赎回,nan
2019-12-12,1.252,1.252,0.32,开放申购,开放赎回,nan
2019-12-13,1.263,1.263,0.88,开放申购,开放赎回,nan
2019-12-16,1.276,1.276,1.03,开放申购,开放赎回,nan
2019-12-17,1.288,1.288,0.94,开放申购,开放赎回,nan
2019-12-18,1.287,1.287,-0.08,开放申购,开放赎回,nan
2019-12-19,1.285,1.285,-0.16,开放申购,开放赎回,nan
2019-12-20,1.277,1.277,-0.62,开放申购,开放赎回,nan
2019-12-23,1.27,1.27,-0.55,开放申购,开放赎回,nan
2019-12-24,1.281,1.281,0.87,开放申购,开放赎回,nan
2019-12-25,1.287,1.287,0.47,开放申购,开放赎回,nan
2019-12-26,1.295,1.295,0.62,开放申购,开放赎回,nan
2019-12-27,1.291,1.291,-0.31,开放申购,开放赎回,nan
2019-12-30,1.296,1.296,0.39,开放申购,开放赎回,nan
2019-12-31,1.298,1.298,0.15,开放申购,开放赎回,nan
2020-01-02,1.312,1.312,1.08,开放申购,开放赎回,nan
2020-01-03,1.319,1.319,0.53,开放申购,开放赎回,nan
2020-01-06,1.329,1.329,0.76,开放申购,开放赎回,nan
2020-01-07,1.334,1.334,0.38,开放申购,开放赎回,nan
2020-01-08,1.327,1.327,-0.52,开放申购,开放赎回,nan
2020-01-09,1.332,1.332,0.38,开放申购,开放赎回,nan
2020-01-10,1.33,1.33,-0.15,开放申购,开放赎回,nan
2020-01-13,1.335,1.335,0.38,开放申购,开放赎回,nan
2020-01-14,1.339,1.339,0.3,开放申购,开放赎回,nan
2020-01-15,1.331,1.331,-0.6,开放申购,开放赎回,nan
2020-01-16,1.327,1.327,-0.3,开放申购,开放赎回,nan
2020-01-17,1.33,1.33,0.23,开放申购,开放赎回,nan
2020-01-20,1.341,1.341,0.83,开放申购,开放赎回,nan
2020-01-21,1.334,1.334,-0.52,开放申购,开放赎回,nan
2020-01-22,1.339,1.339,0.37,开放申购,开放赎回,nan
2020-01-23,1.313,1.313,-1.94,开放申购,开放赎回,nan
2020-02-03,1.254,1.254,-4.49,开放申购,开放赎回,nan
2020-02-04,1.278,1.278,1.91,开放申购,开放赎回,nan
2020-02-05,1.287,1.287,0.7,开放申购,开放赎回,nan
2020-02-06,1.299,1.299,0.93,开放申购,开放赎回,nan
2020-02-07,1.303,1.303,0.31,开放申购,开放赎回,nan
2020-02-10,1.314,1.314,0.84,开放申购,开放赎回,nan
2020-02-11,1.314,1.314,0.0,开放申购,开放赎回,nan
2020-02-12,1.34,1.34,1.98,开放申购,开放赎回,nan
2020-02-13,1.333,1.333,-0.52,开放申购,开放赎回,nan
2020-02-14,1.336,1.336,0.23,开放申购,开放赎回,nan
2020-02-17,1.367,1.367,2.32,开放申购,开放赎回,nan
2020-02-18,1.38,1.38,0.95,开放申购,开放赎回,nan
2020-02-19,1.378,1.378,-0.14,开放申购,开放赎回,nan
2020-02-20,1.397,1.397,1.38,开放申购,开放赎回,nan
2020-02-21,1.402,1.402,0.36,开放申购,开放赎回,nan
2020-02-24,1.403,1.403,0.07,开放申购,开放赎回,nan
2020-02-25,1.394,1.394,-0.64,开放申购,开放赎回,nan
2020-02-26,1.382,1.382,-0.86,开放申购,开放赎回,nan
2020-02-27,1.382,1.382,0.0,开放申购,开放赎回,nan
2020-02-28,1.361,1.361,-1.52,开放申购,开放赎回,nan
2020-03-02,1.37,1.37,0.66,开放申购,开放赎回,nan
2020-03-03,1.375,1.375,0.37,开放申购,开放赎回,nan
2020-03-04,1.375,1.375,0.0,开放申购,开放赎回,nan
2020-03-05,1.388,1.388,0.95,开放申购,开放赎回,nan
2020-03-06,1.382,1.382,-0.43,开放申购,开放赎回,nan
2020-03-09,1.356,1.356,-1.88,开放申购,开放赎回,nan
2020-03-10,1.366,1.366,0.74,开放申购,开放赎回,nan
2020-03-11,1.362,1.362,-0.29,开放申购,开放赎回,nan
2020-03-12,1.348,1.348,-1.03,开放申购,开放赎回,nan
2020-03-13,1.34,1.34,-0.59,开放申购,开放赎回,nan
2020-03-16,1.314,1.314,-1.94,开放申购,开放赎回,nan
2020-03-17,1.314,1.314,0.0,开放申购,开放赎回,nan
2020-03-18,1.309,1.309,-0.38,开放申购,开放赎回,nan
2020-03-19,1.307,1.307,-0.15,开放申购,开放赎回,nan
2020-03-20,1.326,1.326,1.45,开放申购,开放赎回,nan
2020-03-23,1.306,1.306,-1.51,开放申购,开放赎回,nan
2020-03-24,1.312,1.312,0.46,开放申购,开放赎回,nan
2020-03-25,1.332,1.332,1.52,开放申购,开放赎回,nan
2020-03-26,1.328,1.328,-0.3,开放申购,开放赎回,nan
2020-03-27,1.321,1.321,-0.53,开放申购,开放赎回,nan
2020-03-30,1.312,1.312,-0.68,开放申购,开放赎回,nan
2020-03-31,1.311,1.311,-0.08,开放申购,开放赎回,nan
2020-04-01,1.313,1.313,0.15,开放申购,开放赎回,nan
2020-04-02,1.32,1.32,0.53,开放申购,开放赎回,nan
2020-04-03,1.316,1.316,-0.3,开放申购,开放赎回,nan
2020-04-07,1.335,1.335,1.44,开放申购,开放赎回,nan
2020-04-08,1.336,1.336,0.07,开放申购,开放赎回,nan
2020-04-09,1.339,1.339,0.22,开放申购,开放赎回,nan
2020-04-10,1.328,1.328,-0.82,开放申购,开放赎回,nan
2020-04-13,1.32,1.32,-0.6,开放申购,开放赎回,nan
2020-04-14,1.328,1.328,0.61,开放申购,开放赎回,nan
2020-04-15,1.325,1.325,-0.23,开放申购,开放赎回,nan
2020-04-16,1.328,1.328,0.23,开放申购,开放赎回,nan
2020-04-17,1.335,1.335,0.53,开放申购,开放赎回,nan
2020-04-20,1.342,1.342,0.52,开放申购,开放赎回,nan
2020-04-21,1.336,1.336,-0.45,开放申购,开放赎回,nan
2020-04-22,1.342,1.342,0.45,开放申购,开放赎回,nan
2020-04-23,1.34,1.34,-0.15,开放申购,开放赎回,nan
2020-04-24,1.333,1.333,-0.52,开放申购,开放赎回,nan
2020-04-27,1.341,1.341,0.6,开放申购,开放赎回,nan
2020-04-28,1.339,1.339,-0.15,开放申购,开放赎回,nan
2020-04-29,1.343,1.343,0.3,开放申购,开放赎回,nan
2020-04-30,1.354,1.354,0.82,开放申购,开放赎回,nan
2020-05-06,1.359,1.359,0.37,开放申购,开放赎回,nan
2020-05-07,1.355,1.355,-0.29,开放申购,开放赎回,nan
2020-05-08,1.359,1.359,0.3,开放申购,开放赎回,nan
2020-05-11,1.358,1.358,-0.07,开放申购,开放赎回,nan
2020-05-12,1.352,1.352,-0.44,开放申购,开放赎回,nan
2020-05-13,1.348,1.348,-0.3,开放申购,开放赎回,nan
2020-05-14,1.335,1.335,-0.96,开放申购,开放赎回,nan
2020-05-15,1.33,1.33,-0.37,开放申购,开放赎回,nan
2020-05-18,1.325,1.325,-0.38,开放申购,开放赎回,nan
2020-05-19,1.329,1.329,0.3,开放申购,开放赎回,nan
2020-05-20,1.318,1.318,-0.83,开放申购,开放赎回,nan
2020-05-21,1.31,1.31,-0.61,开放申购,开放赎回,nan
2020-05-22,1.299,1.299,-0.84,开放申购,开放赎回,nan
2020-05-25,1.292,1.292,-0.54,开放申购,开放赎回,nan
2020-05-26,1.301,1.301,0.7,开放申购,开放赎回,nan
2020-05-27,1.299,1.299,-0.15,开放申购,开放赎回,nan
2020-05-28,1.297,1.297,-0.15,开放申购,开放赎回,nan
2020-05-29,1.31,1.31,1.0,开放申购,开放赎回,nan
2020-06-01,1.33,1.33,1.53,开放申购,开放赎回,nan
2020-06-02,1.332,1.332,0.15,开放申购,开放赎回,nan
2020-06-03,1.332,1.332,0.0,开放申购,开放赎回,nan
2020-06-04,1.333,1.333,0.08,开放申购,开放赎回,nan
2020-06-05,1.328,1.328,-0.38,开放申购,开放赎回,nan
2020-06-08,1.329,1.329,0.08,开放申购,开放赎回,nan
2020-06-09,1.33,1.33,0.08,开放申购,开放赎回,nan
2020-06-10,1.334,1.334,0.3,开放申购,开放赎回,nan
2020-06-11,1.333,1.333,-0.08,开放申购,开放赎回,nan
2020-06-12,1.335,1.335,0.15,开放申购,开放赎回,nan
2020-06-15,1.334,1.334,-0.07,开放申购,开放赎回,nan
2020-06-16,1.345,1.345,0.82,开放申购,开放赎回,nan
2020-06-17,1.344,1.344,-0.07,开放申购,开放赎回,nan
2020-06-18,1.346,1.346,0.15,开放申购,开放赎回,nan
2020-06-19,1.352,1.352,0.45,开放申购,开放赎回,nan
2020-06-22,1.354,1.354,0.15,开放申购,开放赎回,nan
2020-06-23,1.35,1.35,-0.3,开放申购,开放赎回,nan
2020-06-24,1.355,1.355,0.37,开放申购,开放赎回,nan
2020-06-29,1.349,1.349,-0.44,开放申购,开放赎回,nan
2020-06-30,1.361,1.361,0.89,开放申购,开放赎回,nan
2020-07-01,1.374,1.374,0.96,开放申购,开放赎回,nan
2020-07-02,1.403,1.403,2.11,开放申购,开放赎回,nan
2020-07-03,1.417,1.417,1.0,开放申购,开放赎回,nan
2020-07-06,1.461,1.461,3.11,开放申购,开放赎回,nan
2020-07-07,1.459,1.459,-0.14,开放申购,开放赎回,nan
2020-07-08,1.483,1.483,1.65,开放申购,开放赎回,nan
2020-07-09,1.496,1.496,0.88,开放申购,开放赎回,nan
2020-07-10,1.486,1.486,-0.67,开放申购,开放赎回,nan
2020-07-13,1.505,1.505,1.28,开放申购,开放赎回,nan
2020-07-14,1.502,1.502,-0.2,开放申购,开放赎回,nan
2020-07-15,1.49,1.49,-0.8,开放申购,开放赎回,nan
2020-07-16,1.461,1.461,-1.95,开放申购,开放赎回,nan
2020-07-17,1.467,1.467,0.41,开放申购,开放赎回,nan
2020-07-20,1.489,1.489,1.5,开放申购,开放赎回,nan
2020-07-21,1.487,1.487,-0.13,开放申购,开放赎回,nan
2020-07-22,1.497,1.497,0.67,开放申购,开放赎回,nan
2020-07-23,1.503,1.503,0.4,开放申购,开放赎回,nan
2020-07-24,1.476,1.476,-1.8,开放申购,开放赎回,nan
2020-07-27,1.474,1.474,-0.14,开放申购,开放赎回,nan
2020-07-28,1.479,1.479,0.34,开放申购,开放赎回,nan
2020-07-29,1.499,1.499,1.35,开放申购,开放赎回,nan
2020-07-30,1.504,1.504,0.33,开放申购,开放赎回,nan
2020-07-31,1.512,1.512,0.53,开放申购,开放赎回,nan
2020-08-03,1.533,1.533,1.39,开放申购,开放赎回,nan
2020-08-04,1.527,1.527,-0.39,开放申购,开放赎回,nan
2020-08-05,1.543,1.543,1.05,开放申购,开放赎回,nan
2020-08-06,1.556,1.556,0.84,开放申购,开放赎回,nan
2020-08-07,1.549,1.549,-0.45,开放申购,开放赎回,nan
2020-08-10,1.545,1.545,-0.26,开放申购,开放赎回,nan
2020-08-11,1.527,1.527,-1.17,开放申购,开放赎回,nan
2020-08-12,1.514,1.514,-0.85,开放申购,开放赎回,nan
2020-08-13,1.515,1.515,0.07,开放申购,开放赎回,nan
2020-08-14,1.521,1.521,0.4,开放申购,开放赎回,nan
2020-08-17,1.544,1.544,1.51,开放申购,开放赎回,nan
2020-08-18,1.547,1.547,0.19,开放申购,开放赎回,nan
2020-08-19,1.532,1.532,-0.97,开放申购,开放赎回,nan
2020-08-20,1.517,1.517,-0.98,开放申购,开放赎回,nan
2020-08-21,1.521,1.521,0.26,开放申购,开放赎回,nan
2020-08-24,1.524,1.524,0.2,开放申购,开放赎回,nan
2020-08-25,1.515,1.515,-0.59,开放申购,开放赎回,nan
2020-08-26,1.493,1.493,-1.45,开放申购,开放赎回,nan
2020-08-27,1.502,1.502,0.6,开放申购,开放赎回,nan
2020-08-28,1.522,1.522,1.33,开放申购,开放赎回,nan
2020-08-31,1.523,1.523,0.07,开放申购,开放赎回,nan
2020-09-01,1.532,1.532,0.59,开放申购,开放赎回,nan
2020-09-02,1.538,1.538,0.39,开放申购,开放赎回,nan
2020-09-03,1.53,1.53,-0.52,开放申购,开放赎回,nan
2020-09-04,1.521,1.521,-0.59,开放申购,开放赎回,nan
2020-09-07,1.502,1.502,-1.25,开放申购,开放赎回,nan
2020-09-08,1.499,1.499,-0.2,开放申购,开放赎回,nan
2020-09-09,1.469,1.469,-2.0,开放申购,开放赎回,nan
2020-09-10,1.459,1.459,-0.68,开放申购,开放赎回,nan
2020-09-11,1.477,1.477,1.23,开放申购,开放赎回,nan
2020-09-14,1.49,1.49,0.88,开放申购,开放赎回,nan
2020-09-15,1.503,1.503,0.87,开放申购,开放赎回,nan
2020-09-16,1.494,1.494,-0.6,开放申购,开放赎回,nan
2020-09-17,1.495,1.495,0.07,开放申购,开放赎回,nan
2020-09-18,1.509,1.509,0.94,开放申购,开放赎回,nan
2020-09-21,1.514,1.514,0.33,开放申购,开放赎回,nan
2020-09-22,1.498,1.498,-1.06,开放申购,开放赎回,nan
2020-09-23,1.497,1.497,-0.07,开放申购,开放赎回,nan
2020-09-24,1.475,1.475,-1.47,开放申购,开放赎回,nan
2020-09-25,1.475,1.475,0.0,开放申购,开放赎回,nan
2020-09-28,1.472,1.472,-0.2,开放申购,开放赎回,nan
2020-09-29,1.494,1.494,1.49,开放申购,开放赎回,nan
2020-09-30,1.502,1.502,0.54,开放申购,开放赎回,nan
2020-10-09,1.522,1.522,1.33,开放申购,开放赎回,nan
2020-10-12,1.554,1.554,2.1,开放申购,开放赎回,nan
2020-10-13,1.56,1.56,0.39,开放申购,开放赎回,nan
2020-10-14,1.556,1.556,-0.26,开放申购,开放赎回,nan
2020-10-15,1.551,1.551,-0.32,开放申购,开放赎回,nan
2020-10-16,1.543,1.543,-0.52,开放申购,开放赎回,nan
2020-10-19,1.525,1.525,-1.17,开放申购,开放赎回,nan
2020-10-20,1.542,1.542,1.11,开放申购,开放赎回,nan
2020-10-21,1.527,1.527,-0.97,开放申购,开放赎回,nan
2020-10-22,1.528,1.528,0.07,开放申购,开放赎回,nan
2020-10-23,1.51,1.51,-1.18,开放申购,开放赎回,nan
2020-10-26,1.515,1.515,0.33,开放申购,开放赎回,nan
2020-10-27,1.531,1.531,1.06,开放申购,开放赎回,nan
2020-10-28,1.542,1.542,0.72,开放申购,开放赎回,nan
2020-10-29,1.549,1.549,0.45,开放申购,开放赎回,nan
2020-10-30,1.524,1.524,-1.61,开放申购,开放赎回,nan
2020-11-02,1.536,1.536,0.79,开放申购,开放赎回,nan
2020-11-03,1.548,1.548,0.78,开放申购,开放赎回,nan
2020-11-04,1.557,1.557,0.58,开放申购,开放赎回,nan
2020-11-05,1.577,1.577,1.28,开放申购,开放赎回,nan
2020-11-06,1.566,1.566,-0.7,开放申购,开放赎回,nan
2020-11-09,1.588,1.588,1.4,开放申购,开放赎回,nan
2020-11-10,1.584,1.584,-0.25,开放申购,开放赎回,nan
2020-11-11,1.574,1.574,-0.63,开放申购,开放赎回,nan
2020-11-12,1.574,1.574,0.0,开放申购,开放赎回,nan
2020-11-13,1.566,1.566,-0.51,开放申购,开放赎回,nan
2020-11-16,1.574,1.574,0.51,开放申购,开放赎回,nan
2020-11-17,1.561,1.561,-0.83,开放申购,开放赎回,nan
2020-11-18,1.555,1.555,-0.38,开放申购,开放赎回,nan
2020-11-19,1.571,1.571,1.03,开放申购,开放赎回,nan
2020-11-20,1.574,1.574,0.19,开放申购,开放赎回,nan
2020-11-23,1.597,1.597,1.46,开放申购,开放赎回,nan
2020-11-24,1.595,1.595,-0.13,开放申购,开放赎回,nan
2020-11-25,1.576,1.576,-1.19,开放申购,开放赎回,nan
2020-11-26,1.572,1.572,-0.25,开放申购,开放赎回,nan
2020-11-27,1.584,1.584,0.76,开放申购,开放赎回,nan
2020-11-30,1.575,1.575,-0.57,开放申购,开放赎回,nan
2020-12-01,1.605,1.605,1.9,开放申购,开放赎回,nan
2020-12-02,1.601,1.601,-0.25,开放申购,开放赎回,nan
2020-12-03,1.592,1.592,-0.56,开放申购,开放赎回,nan
2020-12-04,1.598,1.598,0.38,开放申购,开放赎回,nan
2020-12-07,1.593,1.593,-0.31,开放申购,开放赎回,nan
2020-12-08,1.591,1.591,-0.13,开放申购,开放赎回,nan
2020-12-09,1.573,1.573,-1.13,开放申购,开放赎回,nan
2020-12-10,1.567,1.567,-0.38,开放申购,开放赎回,nan
2020-12-11,1.555,1.555,-0.77,开放申购,开放赎回,nan
2020-12-14,1.566,1.566,0.71,开放申购,开放赎回,nan
2020-12-15,1.563,1.563,-0.19,开放申购,开放赎回,nan
2020-12-16,1.561,1.561,-0.13,开放申购,开放赎回,nan
2020-12-17,1.569,1.569,0.51,开放申购,开放赎回,nan
2020-12-18,1.576,1.576,0.45,开放申购,开放赎回,nan
2020-12-21,1.603,1.603,1.71,开放申购,开放赎回,nan
2020-12-22,1.584,1.584,-1.19,开放申购,开放赎回,nan
2020-12-23,1.594,1.594,0.63,开放申购,开放赎回,nan
2020-12-24,1.584,1.584,-0.63,开放申购,开放赎回,nan
2020-12-25,1.598,1.598,0.88,开放申购,开放赎回,nan
2020-12-28,1.599,1.599,0.06,开放申购,开放赎回,nan
2020-12-29,1.589,1.589,-0.63,开放申购,开放赎回,nan
2020-12-30,1.623,1.623,2.14,开放申购,开放赎回,nan
2020-12-31,1.649,1.649,1.6,开放申购,开放赎回,nan
2021-01-04,1.686,1.686,2.24,开放申购,开放赎回,nan
2021-01-05,1.704,1.704,1.07,开放申购,开放赎回,nan
2021-01-06,1.703,1.703,-0.06,开放申购,开放赎回,nan
2021-01-07,1.712,1.712,0.53,开放申购,开放赎回,nan
2021-01-08,1.701,1.701,-0.64,开放申购,开放赎回,nan
2021-01-11,1.697,1.697,-0.24,开放申购,开放赎回,nan
2021-01-12,1.732,1.732,2.06,开放申购,开放赎回,nan
2021-01-13,1.724,1.724,-0.46,开放申购,开放赎回,nan
2021-01-14,1.708,1.708,-0.93,开放申购,开放赎回,nan
2021-01-15,1.714,1.714,0.35,开放申购,开放赎回,nan
2021-01-18,1.729,1.729,0.88,开放申购,开放赎回,nan
2021-01-19,1.716,1.716,-0.75,开放申购,开放赎回,nan
2021-01-20,1.721,1.721,0.29,开放申购,开放赎回,nan
2021-01-21,1.735,1.735,0.81,开放申购,开放赎回,nan
2021-01-22,1.736,1.736,0.06,开放申购,开放赎回,nan
2021-01-25,1.739,1.739,0.17,开放申购,开放赎回,nan
2021-01-26,1.72,1.72,-1.09,开放申购,开放赎回,nan
2021-01-27,1.719,1.719,-0.06,开放申购,开放赎回,nan
2021-01-28,1.695,1.695,-1.4,开放申购,开放赎回,nan
2021-01-29,1.681,1.681,-0.83,开放申购,开放赎回,nan
2021-02-01,1.69,1.69,0.54,开放申购,开放赎回,nan
2021-02-02,1.698,1.698,0.47,开放申购,开放赎回,nan
2021-02-03,1.694,1.694,-0.24,开放申购,开放赎回,nan
2021-02-04,1.685,1.685,-0.53,开放申购,开放赎回,nan
2021-02-05,1.681,1.681,-0.24,开放申购,开放赎回,nan
2021-02-08,1.692,1.692,0.65,开放申购,开放赎回,nan
2021-02-09,1.712,1.712,1.18,开放申购,开放赎回,nan
2021-02-10,1.718,1.718,0.35,开放申购,开放赎回,nan
2021-02-18,1.719,1.719,0.06,开放申购,开放赎回,nan
2021-02-19,1.722,1.722,0.17,开放申购,开放赎回,nan
2021-02-22,1.718,1.718,-0.23,开放申购,开放赎回,nan
2021-02-23,1.719,1.719,0.06,开放申购,开放赎回,nan
2021-02-24,1.705,1.705,-0.81,开放申购,开放赎回,nan
2021-02-25,1.705,1.705,0.0,开放申购,开放赎回,nan
2021-02-26,1.695,1.695,-0.59,开放申购,开放赎回,nan
2021-03-01,1.704,1.704,0.53,开放申购,开放赎回,nan
2021-03-02,1.702,1.702,-0.12,开放申购,开放赎回,nan
2021-03-03,1.71,1.71,0.47,开放申购,开放赎回,nan
2021-03-04,1.701,1.701,-0.53,开放申购,开放赎回,nan
2021-03-05,1.704,1.704,0.18,开放申购,开放赎回,nan
2021-03-08,1.694,1.694,-0.59,开放申购,开放赎回,nan
2021-03-09,1.689,1.689,-0.3,开放申购,开放赎回,nan
2021-03-10,1.691,1.691,0.12,开放申购,开放赎回,nan
2021-03-11,1.699,1.699,0.47,开放申购,开放赎回,nan
2021-03-12,1.7,1.7,0.06,开放申购,开放赎回,nan
2021-03-15,1.696,1.696,-0.24,开放申购,开放赎回,nan
2021-03-16,1.699,1.699,0.18,开放申购,开放赎回,nan
2021-03-17,1.702,1.702,0.18,开放申购,开放赎回,nan
2021-03-18,1.706,1.706,0.24,开放申购,开放赎回,nan
2021-03-19,1.702,1.702,-0.23,开放申购,开放赎回,nan
2021-03-22,1.706,1.706,0.24,开放申购,开放赎回,nan
2021-03-23,1.703,1.703,-0.18,开放申购,开放赎回,nan
2021-03-24,1.693,1.693,-0.59,开放申购,开放赎回,nan
2021-03-25,1.692,1.692,-0.06,开放申购,开放赎回,nan
2021-03-26,1.701,1.701,0.53,开放申购,开放赎回,nan
2021-03-29,1.705,1.705,0.24,开放申购,开放赎回,nan
2021-03-30,1.706,1.706,0.06,开放申购,开放赎回,nan
2021-03-31,1.703,1.703,-0.18,开放申购,开放赎回,nan
2021-04-01,1.703,1.703,0.0,开放申购,开放赎回,nan
2021-04-02,1.705,1.705,0.12,开放申购,开放赎回,nan
2021-04-06,1.705,1.705,0.0,开放申购,开放赎回,nan
2021-04-07,1.705,1.705,0.0,开放申购,开放赎回,nan
2021-04-08,1.706,1.706,0.06,开放申购,开放赎回,nan
2021-04-09,1.703,1.703,-0.18,开放申购,开放赎回,nan
2021-04-12,1.692,1.692,-0.65,开放申购,开放赎回,nan
2021-04-13,1.694,1.694,0.12,开放申购,开放赎回,nan
2021-04-14,1.7,1.7,0.35,开放申购,开放赎回,nan
2021-04-15,1.699,1.699,-0.06,开放申购,开放赎回,nan
2021-04-16,1.7,1.7,0.06,开放申购,开放赎回,nan
2021-04-19,1.712,1.712,0.71,开放申购,开放赎回,nan
2021-04-20,1.713,1.713,0.06,开放申购,开放赎回,nan
